Type,StrID,msID,id,Leftplot,Rightplot,Leftbay,Rightbay,Leftcol,Rightcol,Leftrow,Rightrow,MillRep,MillDay,MillOrder,ExtractDay,ExtractOrd,MS.Day,MS.Ord
C1,Str007,25,ID1,191,662,2,1,3,9,29,14,1,29,5,1,7,10,3
C1,Str007,26,ID1,191,662,2,1,3,9,29,14,1,29,5,1,7,10,3
C1,Str007,27,ID1,191,662,2,1,3,9,29,14,1,29,5,1,7,2,1
C1,Str007,28,ID1,191,662,2,1,3,9,29,14,1,29,5,1,7,2,1
RIL,Str001,1,ID73,899,899,1,1,12,12,8,8,1,20,8,1,1,12,20
RIL,Str001,2,ID73,899,899,1,1,12,12,8,8,1,20,8,1,1,12,20
RIL,Str001,3,ID73,899,899,1,1,12,12,8,8,1,20,8,1,1,9,17
RIL,Str001,4,ID73,899,899,1,1,12,12,8,8,1,20,8,1,1,9,17
RIL,Str002,5,ID125,458,458,2,2,6,6,53,53,2,46,2,1,2,12,23
RIL,Str002,6,ID125,458,458,2,2,6,6,53,53,2,46,2,1,2,12,23
RIL,Str002,7,ID125,458,458,2,2,6,6,53,53,2,46,2,1,2,4,34
RIL,Str002,8,ID125,458,458,2,2,6,6,53,53,2,46,2,1,2,4,34
RIL,Str003,9,ID16,382,382,3,3,5,5,58,58,2,35,4,1,3,6,30
RIL,Str003,10,ID16,382,382,3,3,5,5,58,58,2,35,4,1,3,6,30
RIL,Str003,11,ID16,382,382,3,3,5,5,58,58,2,35,4,1,3,8,5
RIL,Str003,12,ID16,382,382,3,3,5,5,58,58,2,35,4,1,3,8,5
RIL,Str004,13,ID48,297,297,2,2,4,4,54,54,2,35,2,1,4,5,17
RIL,Str004,14,ID48,297,297,2,2,4,4,54,54,2,35,2,1,4,5,17
RIL,Str004,15,ID48,297,297,2,2,4,4,54,54,2,35,2,1,4,8,21
RIL,Str004,16,ID48,297,297,2,2,4,4,54,54,2,35,2,1,4,8,21
RIL,Str005,17,ID17,298,298,3,3,4,4,55,55,1,2,4,1,5,2,19
RIL,Str005,18,ID17,298,298,3,3,4,4,55,55,1,2,4,1,5,2,19
RIL,Str005,19,ID17,298,298,3,3,4,4,55,55,1,2,4,1,5,6,8
RIL,Str005,20,ID17,298,298,3,3,4,4,55,55,1,2,4,1,5,6,8
RIL,Str006,21,ID87,1042,1256,3,2,13,16,70,41,1,21,3,1,6,11,21
RIL,Str006,22,ID87,1042,1256,3,2,13,16,70,41,1,21,3,1,6,11,21
RIL,Str006,23,ID87,1042,1256,3,2,13,16,70,41,1,21,3,1,6,4,14
RIL,Str006,24,ID87,1042,1256,3,2,13,16,70,41,1,21,3,1,6,4,14
RIL,Str008,29,ID64,1108,1108,3,3,14,14,55,55,2,46,3,1,8,1,28
RIL,Str008,30,ID64,1108,1108,3,3,14,14,55,55,2,46,3,1,8,1,28
RIL,Str008,31,ID64,1108,1108,3,3,14,14,55,55,2,46,3,1,8,3,13
RIL,Str008,32,ID64,1108,1108,3,3,14,14,55,55,2,46,3,1,8,3,13
RIL,Str009,33,ID11,80,80,3,3,1,1,80,80,1,20,2,1,9,1,25
RIL,Str009,34,ID11,80,80,3,3,1,1,80,80,1,20,2,1,9,1,25
RIL,Str009,35,ID11,80,80,3,3,1,1,80,80,1,20,2,1,9,11,24
RIL,Str009,36,ID11,80,80,3,3,1,1,80,80,1,20,2,1,9,11,24
RIL,Str010,37,ID70,300,759,3,2,4,10,57,30,1,30,1,1,10,7,11
RIL,Str010,38,ID70,300,759,3,2,4,10,57,30,1,30,1,1,10,7,11
RIL,Str010,39,ID70,300,759,3,2,4,10,57,30,1,30,1,1,10,9,13
RIL,Str010,40,ID70,300,759,3,2,4,10,57,30,1,30,1,1,10,9,13
RIL,Str011,41,ID114,360,1151,2,1,5,15,36,17,1,2,10,1,11,1,6
RIL,Str011,42,ID114,360,1151,2,1,5,15,36,17,1,2,10,1,11,1,6
RIL,Str011,43,ID114,360,1151,2,1,5,15,36,17,1,2,10,1,11,6,1
RIL,Str011,44,ID114,360,1151,2,1,5,15,36,17,1,2,10,1,11,6,1
RIL,Str012,45,ID28,236,236,3,3,3,3,74,74,1,17,2,1,12,4,23
RIL,Str012,46,ID28,236,236,3,3,3,3,74,74,1,17,2,1,12,4,23
RIL,Str012,47,ID28,236,236,3,3,3,3,74,74,1,17,2,1,12,9,24
RIL,Str012,48,ID28,236,236,3,3,3,3,74,74,1,17,2,1,12,9,24
RIL,Str013,49,ID68,325,325,1,1,5,5,1,1,2,45,10,1,13,3,15
RIL,Str013,50,ID68,325,325,1,1,5,5,1,1,2,45,10,1,13,3,15
RIL,Str013,51,ID68,325,325,1,1,5,5,1,1,2,45,10,1,13,9,14
RIL,Str013,52,ID68,325,325,1,1,5,5,1,1,2,45,10,1,13,9,14
RIL,Str014,53,ID102,192,192,2,2,3,3,30,30,1,23,7,1,14,4,10
RIL,Str014,54,ID102,192,192,2,2,3,3,30,30,1,23,7,1,14,4,10
RIL,Str014,55,ID102,192,192,2,2,3,3,30,30,1,23,7,1,14,9,7
RIL,Str014,56,ID102,192,192,2,2,3,3,30,30,1,23,7,1,14,9,7
RIL,Str015,57,ID86,1579,1579,2,2,20,20,40,40,1,21,2,1,15,5,19
RIL,Str015,58,ID86,1579,1579,2,2,20,20,40,40,1,21,2,1,15,5,19
RIL,Str015,59,ID86,1579,1579,2,2,20,20,40,40,1,21,2,1,15,6,36
RIL,Str015,60,ID86,1579,1579,2,2,20,20,40,40,1,21,2,1,15,6,36
RIL,Str016,61,ID94,851,851,2,2,11,11,41,41,1,30,6,1,16,10,21
RIL,Str016,62,ID94,851,851,2,2,11,11,41,41,1,30,6,1,16,10,21
RIL,Str016,63,ID94,851,851,2,2,11,11,41,41,1,30,6,1,16,6,24
RIL,Str016,64,ID94,851,851,2,2,11,11,41,41,1,30,6,1,16,6,24
RIL,Str017,65,ID135,1393,1393,1,1,18,18,16,16,2,43,2,1,17,3,33
RIL,Str017,66,ID135,1393,1393,1,1,18,18,16,16,2,43,2,1,17,3,33
RIL,Str017,67,ID135,1393,1393,1,1,18,18,16,16,2,43,2,1,17,8,32
RIL,Str017,68,ID135,1393,1393,1,1,18,18,16,16,2,43,2,1,17,8,32
RIL,Str019,73,ID102,192,192,2,2,3,3,30,30,2,36,5,1,19,6,6
RIL,Str019,74,ID102,192,192,2,2,3,3,30,30,2,36,5,1,19,6,6
RIL,Str019,75,ID102,192,192,2,2,3,3,30,30,2,36,5,1,19,8,35
RIL,Str019,76,ID102,192,192,2,2,3,3,30,30,2,36,5,1,19,8,35
RIL,Str020,77,ID95,694,1296,2,3,9,16,46,81,1,31,4,1,20,10,4
RIL,Str020,78,ID95,694,1296,2,3,9,16,46,81,1,31,4,1,20,10,4
RIL,Str020,79,ID95,694,1296,2,3,9,16,46,81,1,31,4,1,20,9,19
RIL,Str020,80,ID95,694,1296,2,3,9,16,46,81,1,31,4,1,20,9,19
RIL,Str021,81,ID32,1292,1292,3,3,16,16,77,77,1,4,7,1,21,2,13
RIL,Str021,82,ID32,1292,1292,3,3,16,16,77,77,1,4,7,1,21,2,13
RIL,Str021,83,ID32,1292,1292,3,3,16,16,77,77,1,4,7,1,21,5,1
RIL,Str021,84,ID32,1292,1292,3,3,16,16,77,77,1,4,7,1,21,5,1
RIL,Str022,85,ID88,339,924,1,2,5,12,15,33,1,31,8,1,22,6,2
RIL,Str022,86,ID88,339,924,1,2,5,12,15,33,1,31,8,1,22,6,2
RIL,Str022,87,ID88,339,924,1,2,5,12,15,33,1,31,8,1,22,9,4
RIL,Str022,88,ID88,339,924,1,2,5,12,15,33,1,31,8,1,22,9,4
RIL,Str023,89,ID82,402,402,3,3,5,5,78,78,2,38,6,1,23,3,24
RIL,Str023,90,ID82,402,402,3,3,5,5,78,78,2,38,6,1,23,3,24
RIL,Str023,91,ID82,402,402,3,3,5,5,78,78,2,38,6,1,23,6,9
RIL,Str023,92,ID82,402,402,3,3,5,5,78,78,2,38,6,1,23,6,9
RIL,Str024,93,ID122,224,224,3,3,3,3,62,62,1,7,4,1,24,5,13
RIL,Str024,94,ID122,224,224,3,3,3,3,62,62,1,7,4,1,24,5,13
RIL,Str024,95,ID122,224,224,3,3,3,3,62,62,1,7,4,1,24,8,3
RIL,Str024,96,ID122,224,224,3,3,3,3,62,62,1,7,4,1,24,8,3
RIL,Str025,97,ID85,918,918,1,1,12,12,27,27,2,47,3,1,25,11,18
RIL,Str025,98,ID85,918,918,1,1,12,12,27,27,2,47,3,1,25,11,18
RIL,Str025,99,ID85,918,918,1,1,12,12,27,27,2,47,3,1,25,9,21
RIL,Str025,100,ID85,918,918,1,1,12,12,27,27,2,47,3,1,25,9,21
RIL,Str026,101,ID79,1543,1543,1,1,20,20,4,4,2,59,3,1,26,12,29
RIL,Str026,102,ID79,1543,1543,1,1,20,20,4,4,2,59,3,1,26,12,29
RIL,Str026,103,ID79,1543,1543,1,1,20,20,4,4,2,59,3,1,26,3,9
RIL,Str026,104,ID79,1543,1543,1,1,20,20,4,4,2,59,3,1,26,3,9
RIL,Str027,105,ID22,1085,1085,2,2,14,14,32,32,1,14,7,1,27,3,36
RIL,Str027,106,ID22,1085,1085,2,2,14,14,32,32,1,14,7,1,27,3,36
RIL,Str027,107,ID22,1085,1085,2,2,14,14,32,32,1,14,7,1,27,8,24
RIL,Str027,108,ID22,1085,1085,2,2,14,14,32,32,1,14,7,1,27,8,24
RIL,Str028,109,ID80,372,372,2,2,5,5,48,48,1,6,9,1,28,3,28
RIL,Str028,110,ID80,372,372,2,2,5,5,48,48,1,6,9,1,28,3,28
RIL,Str028,111,ID80,372,372,2,2,5,5,48,48,1,6,9,1,28,7,2
RIL,Str028,112,ID80,372,372,2,2,5,5,48,48,1,6,9,1,28,7,2
RIL,Str029,113,ID10,762,762,2,2,10,10,33,33,1,17,4,1,29,5,25
RIL,Str029,114,ID10,762,762,2,2,10,10,33,33,1,17,4,1,29,5,25
RIL,Str029,115,ID10,762,762,2,2,10,10,33,33,1,17,4,1,29,8,27
RIL,Str029,116,ID10,762,762,2,2,10,10,33,33,1,17,4,1,29,8,27
RIL,Str030,117,ID134,172,172,1,1,3,3,10,10,1,30,9,1,30,2,33
RIL,Str030,118,ID134,172,172,1,1,3,3,10,10,1,30,9,1,30,2,33
RIL,Str031,119,ID84,319,498,3,1,4,7,76,12,2,38,5,1,31,1,21
RIL,Str031,120,ID84,319,498,3,1,4,7,76,12,2,38,5,1,31,1,21
RIL,Str031,121,ID84,319,498,3,1,4,7,76,12,2,38,5,1,31,10,5
RIL,Str031,122,ID84,319,498,3,1,4,7,76,12,2,38,5,1,31,10,5
RIL,Str032,123,ID129,204,204,2,2,3,3,42,42,1,28,5,1,32,2,6
RIL,Str032,124,ID129,204,204,2,2,3,3,42,42,1,28,5,1,32,2,6
RIL,Str032,125,ID129,204,204,2,2,3,3,42,42,1,28,5,1,32,3,2
RIL,Str032,126,ID129,204,204,2,2,3,3,42,42,1,28,5,1,32,3,2
RIL,Str033,127,ID2,1310,1310,1,1,17,17,14,14,2,60,8,2,1,12,15
RIL,Str033,128,ID2,1310,1310,1,1,17,17,14,14,2,60,8,2,1,12,15
RIL,Str034,129,ID46,323,323,3,3,4,4,80,80,2,38,4,2,2,11,7
RIL,Str034,130,ID46,323,323,3,3,4,4,80,80,2,38,4,2,2,11,7
RIL,Str034,131,ID46,323,323,3,3,4,4,80,80,2,38,4,2,2,8,9
RIL,Str034,132,ID46,323,323,3,3,4,4,80,80,2,38,4,2,2,8,9
RIL,Str035,133,ID30,1220,1220,1,1,16,16,5,5,2,32,2,2,3,12,7
RIL,Str035,134,ID30,1220,1220,1,1,16,16,5,5,2,32,2,2,3,12,7
RIL,Str035,135,ID30,1220,1220,1,1,16,16,5,5,2,32,2,2,3,2,21
RIL,Str035,136,ID30,1220,1220,1,1,16,16,5,5,2,32,2,2,3,2,21
RIL,Str036,137,ID130,266,266,1,1,4,4,23,23,2,58,2,2,4,4,15
RIL,Str036,138,ID130,266,266,1,1,4,4,23,23,2,58,2,2,4,4,15
RIL,Str036,139,ID130,266,266,1,1,4,4,23,23,2,58,2,2,4,6,13
RIL,Str036,140,ID130,266,266,1,1,4,4,23,23,2,58,2,2,4,6,13
RIL,Str037,141,ID69,1426,1426,2,2,18,18,49,49,1,11,3,2,5,12,22
RIL,Str037,142,ID69,1426,1426,2,2,18,18,49,49,1,11,3,2,5,12,22
RIL,Str037,143,ID69,1426,1426,2,2,18,18,49,49,1,11,3,2,5,5,24
RIL,Str037,144,ID69,1426,1426,2,2,18,18,49,49,1,11,3,2,5,5,24
RIL,Str038,145,ID104,1039,1039,3,3,13,13,67,67,1,18,9,2,6,10,27
RIL,Str038,146,ID104,1039,1039,3,3,13,13,67,67,1,18,9,2,6,10,27
RIL,Str038,147,ID104,1039,1039,3,3,13,13,67,67,1,18,9,2,6,2,28
RIL,Str038,148,ID104,1039,1039,3,3,13,13,67,67,1,18,9,2,6,2,28
RIL,Str039,149,ID92,592,592,1,1,8,8,25,25,2,34,5,2,7,3,14
RIL,Str039,150,ID92,592,592,1,1,8,8,25,25,2,34,5,2,7,3,14
RIL,Str039,151,ID92,592,592,1,1,8,8,25,25,2,34,5,2,7,5,29
RIL,Str039,152,ID92,592,592,1,1,8,8,25,25,2,34,5,2,7,5,29
RIL,Str040,153,ID59,1203,1203,3,3,15,15,69,69,1,20,9,2,8,10,31
RIL,Str040,154,ID59,1203,1203,3,3,15,15,69,69,1,20,9,2,8,10,31
RIL,Str040,155,ID59,1203,1203,3,3,15,15,69,69,1,20,9,2,8,5,30
RIL,Str040,156,ID59,1203,1203,3,3,15,15,69,69,1,20,9,2,8,5,30
RIL,Str041,157,ID27,166,166,1,1,3,3,4,4,2,59,8,2,9,1,8
RIL,Str041,158,ID27,166,166,1,1,3,3,4,4,2,59,8,2,9,1,8
RIL,Str041,159,ID27,166,166,1,1,3,3,4,4,2,59,8,2,9,7,7
RIL,Str041,160,ID27,166,166,1,1,3,3,4,4,2,59,8,2,9,7,7
RIL,Str042,161,ID89,44,173,2,1,1,3,44,11,1,20,5,2,10,10,7
RIL,Str042,162,ID89,44,173,2,1,1,3,44,11,1,20,5,2,10,10,7
RIL,Str042,163,ID89,44,173,2,1,1,3,44,11,1,20,5,2,10,3,6
RIL,Str042,164,ID89,44,173,2,1,1,3,44,11,1,20,5,2,10,3,6
RIL,Str043,165,ID75,1069,1069,1,1,14,14,16,16,2,56,3,2,11,10,29
RIL,Str043,166,ID75,1069,1069,1,1,14,14,16,16,2,56,3,2,11,10,29
RIL,Str043,167,ID75,1069,1069,1,1,14,14,16,16,2,56,3,2,11,11,26
RIL,Str043,168,ID75,1069,1069,1,1,14,14,16,16,2,56,3,2,11,11,26
RIL,Str044,169,ID38,320,320,3,3,4,4,77,77,2,37,3,2,12,5,4
RIL,Str044,170,ID38,320,320,3,3,4,4,77,77,2,37,3,2,12,5,4
RIL,Str044,171,ID38,320,320,3,3,4,4,77,77,2,37,3,2,12,9,5
RIL,Str044,172,ID38,320,320,3,3,4,4,77,77,2,37,3,2,12,9,5
RIL,Str045,173,ID25,478,478,3,3,6,6,73,73,1,26,5,2,13,9,22
RIL,Str045,174,ID25,478,478,3,3,6,6,73,73,1,26,5,2,13,9,22
RIL,Str046,175,ID4,511,1081,1,2,7,14,25,28,1,1,10,2,14,10,15
RIL,Str046,176,ID4,511,1081,1,2,7,14,25,28,1,1,10,2,14,10,15
RIL,Str046,177,ID4,511,1081,1,2,7,14,25,28,1,1,10,2,14,11,4
RIL,Str046,178,ID4,511,1081,1,2,7,14,25,28,1,1,10,2,14,11,4
RIL,Str047,179,ID143,274,274,2,2,4,4,31,31,1,8,3,2,15,2,4
RIL,Str047,180,ID143,274,274,2,2,4,4,31,31,1,8,3,2,15,2,4
RIL,Str047,181,ID143,274,274,2,2,4,4,31,31,1,8,3,2,15,8,17
RIL,Str047,182,ID143,274,274,2,2,4,4,31,31,1,8,3,2,15,8,17
RIL,Str048,183,ID150,1293,1293,3,3,16,16,78,78,2,41,4,2,16,3,32
RIL,Str048,184,ID150,1293,1293,3,3,16,16,78,78,2,41,4,2,16,3,32
RIL,Str048,185,ID150,1293,1293,3,3,16,16,78,78,2,41,4,2,16,5,5
RIL,Str048,186,ID150,1293,1293,3,3,16,16,78,78,2,41,4,2,16,5,5
RIL,Str049,187,ID53,213,213,2,2,3,3,51,51,1,28,9,2,17,1,11
RIL,Str049,188,ID53,213,213,2,2,3,3,51,51,1,28,9,2,17,1,11
RIL,Str049,189,ID53,213,213,2,2,3,3,51,51,1,28,9,2,17,6,17
RIL,Str049,190,ID53,213,213,2,2,3,3,51,51,1,28,9,2,17,6,17
RIL,Str050,191,ID22,1085,1085,2,2,14,14,32,32,2,37,2,2,18,4,22
RIL,Str050,192,ID22,1085,1085,2,2,14,14,32,32,2,37,2,2,18,4,22
RIL,Str050,193,ID22,1085,1085,2,2,14,14,32,32,2,37,2,2,18,6,4
RIL,Str050,194,ID22,1085,1085,2,2,14,14,32,32,2,37,2,2,18,6,4
RIL,Str051,195,ID139,1407,1407,2,2,18,18,30,30,1,5,7,2,19,1,29
RIL,Str051,196,ID139,1407,1407,2,2,18,18,30,30,1,5,7,2,19,1,29
RIL,Str051,197,ID139,1407,1407,2,2,18,18,30,30,1,5,7,2,19,4,30
RIL,Str051,198,ID139,1407,1407,2,2,18,18,30,30,1,5,7,2,19,4,30
RIL,Str052,199,ID62,686,1446,2,3,9,18,38,69,1,22,10,2,20,3,34
RIL,Str052,200,ID62,686,1446,2,3,9,18,38,69,1,22,10,2,20,3,34
RIL,Str052,201,ID62,686,1446,2,3,9,18,38,69,1,22,10,2,20,9,8
RIL,Str052,202,ID62,686,1446,2,3,9,18,38,69,1,22,10,2,20,9,8
RIL,Str053,203,ID66,829,829,1,1,11,11,19,19,1,22,4,2,21,11,17
RIL,Str053,204,ID66,829,829,1,1,11,11,19,19,1,22,4,2,21,11,17
RIL,Str053,205,ID66,829,829,1,1,11,11,19,19,1,22,4,2,21,3,10
RIL,Str053,206,ID66,829,829,1,1,11,11,19,19,1,22,4,2,21,3,10
RIL,Str054,207,ID82,402,402,3,3,5,5,78,78,2,62,10,2,22,3,21
RIL,Str054,208,ID82,402,402,3,3,5,5,78,78,2,62,10,2,22,3,21
RIL,Str054,209,ID82,402,402,3,3,5,5,78,78,2,62,10,2,22,9,33
RIL,Str054,210,ID82,402,402,3,3,5,5,78,78,2,62,10,2,22,9,33
RIL,Str055,211,ID52,1003,1003,2,2,13,13,31,31,2,44,7,2,23,11,1
RIL,Str055,212,ID52,1003,1003,2,2,13,13,31,31,2,44,7,2,23,11,1
RIL,Str055,213,ID52,1003,1003,2,2,13,13,31,31,2,44,7,2,23,8,25
RIL,Str055,214,ID52,1003,1003,2,2,13,13,31,31,2,44,7,2,23,8,25
RIL,Str056,215,ID24,1263,1263,2,2,16,16,48,48,1,8,2,2,24,11,28
RIL,Str056,216,ID24,1263,1263,2,2,16,16,48,48,1,8,2,2,24,11,28
RIL,Str056,217,ID24,1263,1263,2,2,16,16,48,48,1,8,2,2,24,6,26
RIL,Str056,218,ID24,1263,1263,2,2,16,16,48,48,1,8,2,2,24,6,26
RIL,Str057,219,ID55,104,104,1,1,2,2,23,23,1,26,8,2,25,2,3
RIL,Str057,220,ID55,104,104,1,1,2,2,23,23,1,26,8,2,25,2,3
RIL,Str057,221,ID55,104,104,1,1,2,2,23,23,1,26,8,2,25,7,4
RIL,Str057,222,ID55,104,104,1,1,2,2,23,23,1,26,8,2,25,7,4
RIL,Str058,223,ID31,719,719,3,3,9,9,71,71,2,46,1,2,26,3,35
RIL,Str058,224,ID31,719,719,3,3,9,9,71,71,2,46,1,2,26,3,35
RIL,Str058,225,ID31,719,719,3,3,9,9,71,71,2,46,1,2,26,6,12
RIL,Str058,226,ID31,719,719,3,3,9,9,71,71,2,46,1,2,26,6,12
RIL,Str059,227,ID116,1329,1329,2,2,17,17,33,33,2,51,4,2,27,1,23
RIL,Str059,228,ID116,1329,1329,2,2,17,17,33,33,2,51,4,2,27,1,23
RIL,Str059,229,ID116,1329,1329,2,2,17,17,33,33,2,51,4,2,27,3,25
RIL,Str059,230,ID116,1329,1329,2,2,17,17,33,33,2,51,4,2,27,3,25
RIL,Str060,231,ID64,1108,1108,3,3,14,14,55,55,2,46,3,2,28,3,23
RIL,Str060,232,ID64,1108,1108,3,3,14,14,55,55,2,46,3,2,28,3,23
RIL,Str060,233,ID64,1108,1108,3,3,14,14,55,55,2,46,3,2,28,4,28
RIL,Str060,234,ID64,1108,1108,3,3,14,14,55,55,2,46,3,2,28,4,28
RIL,Str061,235,ID113,136,136,3,3,2,2,55,55,1,25,2,2,29,2,22
RIL,Str061,236,ID113,136,136,3,3,2,2,55,55,1,25,2,2,29,2,22
RIL,Str061,237,ID113,136,136,3,3,2,2,55,55,1,25,2,2,29,7,6
RIL,Str061,238,ID113,136,136,3,3,2,2,55,55,1,25,2,2,29,7,6
RIL,Str062,239,ID100,367,367,2,2,5,5,43,43,1,9,7,2,30,1,18
RIL,Str062,240,ID100,367,367,2,2,5,5,43,43,1,9,7,2,30,1,18
RIL,Str062,241,ID100,367,367,2,2,5,5,43,43,1,9,7,2,30,3,16
RIL,Str062,242,ID100,367,367,2,2,5,5,43,43,1,9,7,2,30,3,16
RIL,Str063,243,ID81,1021,1021,2,2,13,13,49,49,1,7,9,2,31,4,24
RIL,Str063,244,ID81,1021,1021,2,2,13,13,49,49,1,7,9,2,31,4,24
RIL,Str063,245,ID81,1021,1021,2,2,13,13,49,49,1,7,9,2,31,7,25
RIL,Str063,246,ID81,1021,1021,2,2,13,13,49,49,1,7,9,2,31,7,25
RIL,Str064,247,ID128,716,716,3,3,9,9,68,68,2,43,10,2,32,1,4
RIL,Str064,248,ID128,716,716,3,3,9,9,68,68,2,43,10,2,32,1,4
RIL,Str064,249,ID128,716,716,3,3,9,9,68,68,2,43,10,2,32,6,5
RIL,Str064,250,ID128,716,716,3,3,9,9,68,68,2,43,10,2,32,6,5
RIL,Str065,251,ID97,973,973,1,1,13,13,1,1,2,37,6,3,1,11,5
RIL,Str065,252,ID97,973,973,1,1,13,13,1,1,2,37,6,3,1,11,5
RIL,Str065,253,ID97,973,973,1,1,13,13,1,1,2,37,6,3,1,12,2
RIL,Str065,254,ID97,973,973,1,1,13,13,1,1,2,37,6,3,1,12,2
RIL,Str066,255,ID149,1487,1606,2,3,19,20,29,67,1,14,6,3,2,11,19
RIL,Str066,256,ID149,1487,1606,2,3,19,20,29,67,1,14,6,3,2,11,19
RIL,Str066,257,ID149,1487,1606,2,3,19,20,29,67,1,14,6,3,2,6,20
RIL,Str066,258,ID149,1487,1606,2,3,19,20,29,67,1,14,6,3,2,6,20
RIL,Str067,259,ID90,892,892,1,1,12,12,1,1,2,58,9,3,3,3,30
RIL,Str067,260,ID90,892,892,1,1,12,12,1,1,2,58,9,3,3,3,30
RIL,Str067,261,ID90,892,892,1,1,12,12,1,1,2,58,9,3,3,9,26
RIL,Str067,262,ID90,892,892,1,1,12,12,1,1,2,58,9,3,3,9,26
RIL,Str068,263,ID146,1339,1339,2,2,17,17,43,43,2,60,3,3,4,1,33
RIL,Str068,264,ID146,1339,1339,2,2,17,17,43,43,2,60,3,3,4,1,33
RIL,Str068,265,ID146,1339,1339,2,2,17,17,43,43,2,60,3,3,4,11,8
RIL,Str068,266,ID146,1339,1339,2,2,17,17,43,43,2,60,3,3,4,11,8
RIL,Str069,267,ID67,327,327,1,1,5,5,3,3,1,4,6,3,5,12,3
RIL,Str069,268,ID67,327,327,1,1,5,5,3,3,1,4,6,3,5,12,3
RIL,Str069,269,ID67,327,327,1,1,5,5,3,3,1,4,6,3,5,9,1
RIL,Str069,270,ID67,327,327,1,1,5,5,3,3,1,4,6,3,5,9,1
RIL,Str070,271,ID98,1551,1551,1,1,20,20,12,12,2,55,6,3,6,4,16
RIL,Str070,272,ID98,1551,1551,1,1,20,20,12,12,2,55,6,3,6,4,16
RIL,Str071,273,ID32,1292,1292,3,3,16,16,77,77,1,4,7,3,7,12,12
RIL,Str071,274,ID32,1292,1292,3,3,16,16,77,77,1,4,7,3,7,12,12
RIL,Str071,275,ID32,1292,1292,3,3,16,16,77,77,1,4,7,3,7,4,8
RIL,Str071,276,ID32,1292,1292,3,3,16,16,77,77,1,4,7,3,7,4,8
RIL,Str072,277,ID25,1473,1473,1,1,19,19,15,15,2,56,9,3,8,4,36
RIL,Str072,278,ID25,1473,1473,1,1,19,19,15,15,2,56,9,3,8,4,36
RIL,Str072,279,ID25,1473,1473,1,1,19,19,15,15,2,56,9,3,8,7,30
RIL,Str072,280,ID25,1473,1473,1,1,19,19,15,15,2,56,9,3,8,7,30
RIL,Str073,281,ID65,253,253,1,1,4,4,10,10,1,9,2,3,9,10,22
RIL,Str073,282,ID65,253,253,1,1,4,4,10,10,1,9,2,3,9,10,22
RIL,Str073,283,ID65,253,253,1,1,4,4,10,10,1,9,2,3,9,6,21
RIL,Str073,284,ID65,253,253,1,1,4,4,10,10,1,9,2,3,9,6,21
RIL,Str074,285,ID123,366,366,2,2,5,5,42,42,1,18,1,3,10,1,16
RIL,Str074,286,ID123,366,366,2,2,5,5,42,42,1,18,1,3,10,1,16
RIL,Str074,287,ID123,366,366,2,2,5,5,42,42,1,18,1,3,10,2,20
RIL,Str074,288,ID123,366,366,2,2,5,5,42,42,1,18,1,3,10,2,20
RIL,Str075,289,ID96,32,1130,2,3,1,14,32,77,2,50,6,3,11,11,2
RIL,Str075,290,ID96,32,1130,2,3,1,14,32,77,2,50,6,3,11,11,2
RIL,Str075,291,ID96,32,1130,2,3,1,14,32,77,2,50,6,3,11,3,1
RIL,Str075,292,ID96,32,1130,2,3,1,14,32,77,2,50,6,3,11,3,1
RIL,Str076,293,ID75,1049,1049,3,3,13,13,77,77,1,25,6,3,12,6,10
RIL,Str076,294,ID75,1049,1049,3,3,13,13,77,77,1,25,6,3,12,6,10
RIL,Str076,295,ID75,1049,1049,3,3,13,13,77,77,1,25,6,3,12,7,14
RIL,Str076,296,ID75,1049,1049,3,3,13,13,77,77,1,25,6,3,12,7,14
RIL,Str077,297,ID74,376,376,2,2,5,5,52,52,1,29,10,3,13,1,13
RIL,Str077,298,ID74,376,376,2,2,5,5,52,52,1,29,10,3,13,1,13
RIL,Str077,299,ID74,376,376,2,2,5,5,52,52,1,29,10,3,13,12,19
RIL,Str077,300,ID74,376,376,2,2,5,5,52,52,1,29,10,3,13,12,19
RIL,Str078,301,ID63,453,453,2,2,6,6,48,48,2,43,7,3,14,11,10
RIL,Str078,302,ID63,453,453,2,2,6,6,48,48,2,43,7,3,14,11,10
RIL,Str078,303,ID63,453,453,2,2,6,6,48,48,2,43,7,3,14,6,15
RIL,Str078,304,ID63,453,453,2,2,6,6,48,48,2,43,7,3,14,6,15
RIL,Str079,305,ID65,698,698,2,2,9,9,50,50,2,61,10,3,15,5,9
RIL,Str079,306,ID65,698,698,2,2,9,9,50,50,2,61,10,3,15,5,9
RIL,Str079,307,ID65,698,698,2,2,9,9,50,50,2,61,10,3,15,8,8
RIL,Str079,308,ID65,698,698,2,2,9,9,50,50,2,61,10,3,15,8,8
RIL,Str080,309,ID135,120,120,2,2,2,2,39,39,1,11,10,3,16,2,30
RIL,Str080,310,ID135,120,120,2,2,2,2,39,39,1,11,10,3,16,2,30
RIL,Str080,311,ID135,120,120,2,2,2,2,39,39,1,11,10,3,16,3,19
RIL,Str080,312,ID135,120,120,2,2,2,2,39,39,1,11,10,3,16,3,19
RIL,Str081,313,ID126,98,98,1,1,2,2,17,17,2,54,10,3,17,11,34
RIL,Str081,314,ID126,98,98,1,1,2,2,17,17,2,54,10,3,17,11,34
RIL,Str081,315,ID126,98,98,1,1,2,2,17,17,2,54,10,3,17,3,11
RIL,Str081,316,ID126,98,98,1,1,2,2,17,17,2,54,10,3,17,3,11
RIL,Str082,317,ID111,976,976,1,1,13,13,4,4,1,23,4,3,18,12,11
RIL,Str082,318,ID111,976,976,1,1,13,13,4,4,1,23,4,3,18,12,11
RIL,Str083,319,ID7,1089,1089,2,2,14,14,36,36,2,59,4,3,19,2,15
RIL,Str083,320,ID7,1089,1089,2,2,14,14,36,36,2,59,4,3,19,2,15
RIL,Str083,321,ID7,1089,1089,2,2,14,14,36,36,2,59,4,3,19,4,17
RIL,Str083,322,ID7,1089,1089,2,2,14,14,36,36,2,59,4,3,19,4,17
RIL,Str084,323,ID115,431,431,1,1,6,6,26,26,2,52,5,3,20,4,2
RIL,Str084,324,ID115,431,431,1,1,6,6,26,26,2,52,5,3,20,4,2
RIL,Str084,325,ID115,431,431,1,1,6,6,26,26,2,52,5,3,20,5,33
RIL,Str084,326,ID115,431,431,1,1,6,6,26,26,2,52,5,3,20,5,33
RIL,Str085,327,ID33,270,1000,1,2,4,13,27,28,1,12,8,3,21,1,2
RIL,Str085,328,ID33,270,1000,1,2,4,13,27,28,1,12,8,3,21,1,2
RIL,Str085,329,ID33,270,1000,1,2,4,13,27,28,1,12,8,3,21,7,21
RIL,Str085,330,ID33,270,1000,1,2,4,13,27,28,1,12,8,3,21,7,21
RIL,Str086,331,ID141,299,299,3,3,4,4,56,56,2,41,6,3,22,1,10
RIL,Str086,332,ID141,299,299,3,3,4,4,56,56,2,41,6,3,22,1,10
RIL,Str086,333,ID141,299,299,3,3,4,4,56,56,2,41,6,3,22,8,13
RIL,Str086,334,ID141,299,299,3,3,4,4,56,56,2,41,6,3,22,8,13
RIL,Str087,335,ID108,1245,1245,2,2,16,16,30,30,1,17,7,3,23,2,32
RIL,Str087,336,ID108,1245,1245,2,2,16,16,30,30,1,17,7,3,23,2,32
RIL,Str087,337,ID108,1245,1245,2,2,16,16,30,30,1,17,7,3,23,4,12
RIL,Str087,338,ID108,1245,1245,2,2,16,16,30,30,1,17,7,3,23,4,12
RIL,Str088,339,ID11,80,80,3,3,1,1,80,80,2,41,10,3,24,1,26
RIL,Str088,340,ID11,80,80,3,3,1,1,80,80,2,41,10,3,24,1,26
RIL,Str088,341,ID11,80,80,3,3,1,1,80,80,2,41,10,3,24,4,27
RIL,Str088,342,ID11,80,80,3,3,1,1,80,80,2,41,10,3,24,4,27
RIL,Str089,343,ID6,1191,1191,3,3,15,15,57,57,1,11,6,3,25,7,8
RIL,Str089,344,ID6,1191,1191,3,3,15,15,57,57,1,11,6,3,25,7,8
RIL,Str089,345,ID6,1191,1191,3,3,15,15,57,57,1,11,6,3,25,8,11
RIL,Str089,346,ID6,1191,1191,3,3,15,15,57,57,1,11,6,3,25,8,11
RIL,Str090,347,ID3,518,518,2,2,7,7,32,32,2,41,5,3,26,11,12
RIL,Str090,348,ID3,518,518,2,2,7,7,32,32,2,41,5,3,26,11,12
RIL,Str090,349,ID3,518,518,2,2,7,7,32,32,2,41,5,3,26,2,24
RIL,Str090,350,ID3,518,518,2,2,7,7,32,32,2,41,5,3,26,2,24
RIL,Str092,355,ID34,346,346,1,1,5,5,22,22,2,47,4,3,28,10,1
RIL,Str092,356,ID34,346,346,1,1,5,5,22,22,2,47,4,3,28,10,1
RIL,Str092,357,ID34,346,346,1,1,5,5,22,22,2,47,4,3,28,7,33
RIL,Str092,358,ID34,346,346,1,1,5,5,22,22,2,47,4,3,28,7,33
RIL,Str093,359,ID127,1202,1397,3,1,15,18,68,20,2,40,5,3,29,1,15
RIL,Str093,360,ID127,1202,1397,3,1,15,18,68,20,2,40,5,3,29,1,15
RIL,Str093,361,ID127,1202,1397,3,1,15,18,68,20,2,40,5,3,29,5,28
RIL,Str093,362,ID127,1202,1397,3,1,15,18,68,20,2,40,5,3,29,5,28
RIL,Str094,363,ID119,845,845,2,2,11,11,35,35,1,22,2,3,30,10,12
RIL,Str094,364,ID119,845,845,2,2,11,11,35,35,1,22,2,3,30,10,12
RIL,Str094,365,ID119,845,845,2,2,11,11,35,35,1,22,2,3,30,12,16
RIL,Str094,366,ID119,845,845,2,2,11,11,35,35,1,22,2,3,30,12,16
RIL,Str095,367,ID20,888,888,3,3,11,11,78,78,2,42,9,3,31,1,19
RIL,Str095,368,ID20,888,888,3,3,11,11,78,78,2,42,9,3,31,1,19
RIL,Str095,369,ID20,888,888,3,3,11,11,78,78,2,42,9,3,31,12,31
RIL,Str095,370,ID20,888,888,3,3,11,11,78,78,2,42,9,3,31,12,31
RIL,Str096,371,ID145,1265,1265,2,2,16,16,50,50,2,48,4,3,32,1,30
RIL,Str096,372,ID145,1265,1265,2,2,16,16,50,50,2,48,4,3,32,1,30
RIL,Str096,373,ID145,1265,1265,2,2,16,16,50,50,2,48,4,3,32,8,29
RIL,Str096,374,ID145,1265,1265,2,2,16,16,50,50,2,48,4,3,32,8,29
RIL,Str097,375,ID111,1494,1494,2,2,19,19,36,36,2,42,7,4,1,11,16
RIL,Str097,376,ID111,1494,1494,2,2,19,19,36,36,2,42,7,4,1,11,16
RIL,Str097,377,ID111,1494,1494,2,2,19,19,36,36,2,42,7,4,1,12,13
RIL,Str097,378,ID111,1494,1494,2,2,19,19,36,36,2,42,7,4,1,12,13
RIL,Str098,379,ID42,413,413,1,1,6,6,8,8,2,38,3,4,2,12,9
RIL,Str098,380,ID42,413,413,1,1,6,6,8,8,2,38,3,4,2,12,9
RIL,Str098,381,ID42,413,413,1,1,6,6,8,8,2,38,3,4,2,6,19
RIL,Str098,382,ID42,413,413,1,1,6,6,8,8,2,38,3,4,2,6,19
RIL,Str099,383,ID15,645,645,3,3,8,8,78,78,2,56,2,4,3,10,34
RIL,Str099,384,ID15,645,645,3,3,8,8,78,78,2,56,2,4,3,10,34
RIL,Str099,385,ID15,645,645,3,3,8,8,78,78,2,56,2,4,3,9,25
RIL,Str099,386,ID15,645,645,3,3,8,8,78,78,2,56,2,4,3,9,25
RIL,Str100,387,ID124,198,198,2,2,3,3,36,36,1,15,3,4,4,12,6
RIL,Str100,388,ID124,198,198,2,2,3,3,36,36,1,15,3,4,4,12,6
RIL,Str100,389,ID124,198,198,2,2,3,3,36,36,1,15,3,4,4,3,7
RIL,Str100,390,ID124,198,198,2,2,3,3,36,36,1,15,3,4,4,3,7
RIL,Str101,391,ID150,847,847,2,2,11,11,37,37,1,8,10,4,5,1,31
RIL,Str101,392,ID150,847,847,2,2,11,11,37,37,1,8,10,4,5,1,31
RIL,Str101,393,ID150,847,847,2,2,11,11,37,37,1,8,10,4,5,10,30
RIL,Str101,394,ID150,847,847,2,2,11,11,37,37,1,8,10,4,5,10,30
RIL,Str102,395,ID144,240,240,3,3,3,3,78,78,2,45,4,4,6,7,27
RIL,Str102,396,ID144,240,240,3,3,3,3,78,78,2,45,4,4,6,7,27
RIL,Str102,397,ID144,240,240,3,3,3,3,78,78,2,45,4,4,6,8,2
RIL,Str102,398,ID144,240,240,3,3,3,3,78,78,2,45,4,4,6,8,2
RIL,Str103,399,ID29,974,974,1,1,13,13,2,2,2,61,6,4,7,3,3
RIL,Str103,400,ID29,974,974,1,1,13,13,2,2,2,61,6,4,7,3,3
RIL,Str103,401,ID29,974,974,1,1,13,13,2,2,2,61,6,4,7,6,35
RIL,Str103,402,ID29,974,974,1,1,13,13,2,2,2,61,6,4,7,6,35
RIL,Str104,403,ID138,146,774,3,2,2,10,65,45,1,20,3,4,8,4,18
RIL,Str104,404,ID138,146,774,3,2,2,10,65,45,1,20,3,4,8,4,18
RIL,Str104,405,ID138,146,774,3,2,2,10,65,45,1,20,3,4,8,7,17
RIL,Str104,406,ID138,146,774,3,2,2,10,65,45,1,20,3,4,8,7,17
RIL,Str105,407,ID98,1417,1551,2,1,18,20,40,12,2,55,7,4,9,3,29
RIL,Str105,408,ID98,1417,1551,2,1,18,20,40,12,2,55,7,4,9,3,29
RIL,Str105,409,ID98,1417,1551,2,1,18,20,40,12,2,55,7,4,9,8,30
RIL,Str105,410,ID98,1417,1551,2,1,18,20,40,12,2,55,7,4,9,8,30
RIL,Str106,411,ID23,934,934,2,2,12,12,43,43,1,25,9,4,10,5,34
RIL,Str106,412,ID23,934,934,2,2,12,12,43,43,1,25,9,4,10,5,34
RIL,Str106,413,ID23,934,934,2,2,12,12,43,43,1,25,9,4,10,6,22
RIL,Str106,414,ID23,934,934,2,2,12,12,43,43,1,25,9,4,10,6,22
RIL,Str107,415,ID54,59,59,3,3,1,1,59,59,2,42,8,4,11,5,26
RIL,Str107,416,ID54,59,59,3,3,1,1,59,59,2,42,8,4,11,5,26
RIL,Str107,417,ID54,59,59,3,3,1,1,59,59,2,42,8,4,11,9,9
RIL,Str107,418,ID54,59,59,3,3,1,1,59,59,2,42,8,4,11,9,9
RIL,Str108,419,ID141,436,436,2,2,6,6,31,31,1,15,4,4,12,1,5
RIL,Str108,420,ID141,436,436,2,2,6,6,31,31,1,15,4,4,12,1,5
RIL,Str108,421,ID141,436,436,2,2,6,6,31,31,1,15,4,4,12,8,6
RIL,Str108,422,ID141,436,436,2,2,6,6,31,31,1,15,4,4,12,8,6
RIL,Str109,423,ID56,987,1610,1,3,13,20,15,71,1,30,5,4,13,10,16
RIL,Str109,424,ID56,987,1610,1,3,13,20,15,71,1,30,5,4,13,10,16
RIL,Str109,425,ID56,987,1610,1,3,13,20,15,71,1,30,5,4,13,5,11
RIL,Str109,426,ID56,987,1610,1,3,13,20,15,71,1,30,5,4,13,5,11
RIL,Str110,427,ID13,841,841,2,2,11,11,31,31,2,41,9,4,14,1,22
RIL,Str110,428,ID13,841,841,2,2,11,11,31,31,2,41,9,4,14,1,22
RIL,Str110,429,ID13,841,841,2,2,11,11,31,31,2,41,9,4,14,12,28
RIL,Str110,430,ID13,841,841,2,2,11,11,31,31,2,41,9,4,14,12,28
RIL,Str111,431,ID80,372,372,2,2,5,5,48,48,1,6,9,4,15,1,36
RIL,Str111,432,ID80,372,372,2,2,5,5,48,48,1,6,9,4,15,1,36
RIL,Str111,433,ID80,372,372,2,2,5,5,48,48,1,6,9,4,15,5,12
RIL,Str111,434,ID80,372,372,2,2,5,5,48,48,1,6,9,4,15,5,12
RIL,Str112,435,ID61,613,613,2,2,8,8,46,46,2,53,6,4,16,5,2
RIL,Str112,436,ID61,613,613,2,2,8,8,46,46,2,53,6,4,16,5,2
RIL,Str112,437,ID61,613,613,2,2,8,8,46,46,2,53,6,4,16,6,14
RIL,Str112,438,ID61,613,613,2,2,8,8,46,46,2,53,6,4,16,6,14
RIL,Str113,439,ID18,1331,1331,2,2,17,17,35,35,1,5,3,4,17,4,32
RIL,Str113,440,ID18,1331,1331,2,2,17,17,35,35,1,5,3,4,17,4,32
RIL,Str113,441,ID18,1331,1331,2,2,17,17,35,35,1,5,3,4,17,6,34
RIL,Str113,442,ID18,1331,1331,2,2,17,17,35,35,1,5,3,4,17,6,34
RIL,Str114,443,ID31,861,861,2,2,11,11,51,51,1,24,6,4,18,2,27
RIL,Str114,444,ID31,861,861,2,2,11,11,51,51,1,24,6,4,18,2,27
RIL,Str114,445,ID31,861,861,2,2,11,11,51,51,1,24,6,4,18,3,31
RIL,Str114,446,ID31,861,861,2,2,11,11,51,51,1,24,6,4,18,3,31
RIL,Str115,447,ID67,327,930,1,2,5,12,3,39,2,49,10,4,19,2,31
RIL,Str115,448,ID67,327,930,1,2,5,12,3,39,2,49,10,4,19,2,31
RIL,Str115,449,ID67,327,930,1,2,5,12,3,39,2,49,10,4,19,6,18
RIL,Str115,450,ID67,327,930,1,2,5,12,3,39,2,49,10,4,19,6,18
RIL,Str116,451,ID147,303,303,3,3,4,4,60,60,1,11,5,4,20,2,5
RIL,Str116,452,ID147,303,303,3,3,4,4,60,60,1,11,5,4,20,2,5
RIL,Str116,453,ID147,303,303,3,3,4,4,60,60,1,11,5,4,20,6,7
RIL,Str116,454,ID147,303,303,3,3,4,4,60,60,1,11,5,4,20,6,7
RIL,Str117,455,ID112,1607,1607,3,3,20,20,68,68,2,48,3,4,21,3,22
RIL,Str117,456,ID112,1607,1607,3,3,20,20,68,68,2,48,3,4,21,3,22
RIL,Str117,457,ID112,1607,1607,3,3,20,20,68,68,2,48,3,4,21,5,20
RIL,Str117,458,ID112,1607,1607,3,3,20,20,68,68,2,48,3,4,21,5,20
RIL,Str118,459,ID43,1106,1106,2,2,14,14,53,53,1,21,7,4,22,1,1
RIL,Str118,460,ID43,1106,1106,2,2,14,14,53,53,1,21,7,4,22,1,1
RIL,Str118,461,ID43,1106,1106,2,2,14,14,53,53,1,21,7,4,22,2,7
RIL,Str118,462,ID43,1106,1106,2,2,14,14,53,53,1,21,7,4,22,2,7
RIL,Str119,463,ID93,619,619,2,2,8,8,52,52,2,32,9,4,23,11,9
RIL,Str119,464,ID93,619,619,2,2,8,8,52,52,2,32,9,4,23,11,9
RIL,Str119,465,ID93,619,619,2,2,8,8,52,52,2,32,9,4,23,7,34
RIL,Str119,466,ID93,619,619,2,2,8,8,52,52,2,32,9,4,23,7,34
RIL,Str120,467,ID7,1089,1089,2,2,14,14,36,36,1,11,1,4,24,11,14
RIL,Str120,468,ID7,1089,1089,2,2,14,14,36,36,1,11,1,4,24,11,14
RIL,Str120,469,ID7,1089,1089,2,2,14,14,36,36,1,11,1,4,24,9,11
RIL,Str120,470,ID7,1089,1089,2,2,14,14,36,36,1,11,1,4,24,9,11
RIL,Str121,471,ID71,12,12,1,1,1,1,12,12,2,56,4,4,25,12,4
RIL,Str121,472,ID71,12,12,1,1,1,1,12,12,2,56,4,4,25,12,4
RIL,Str121,473,ID71,12,12,1,1,1,1,12,12,2,56,4,4,25,5,3
RIL,Str121,474,ID71,12,12,1,1,1,1,12,12,2,56,4,4,25,5,3
RIL,Str122,475,ID107,1197,1197,3,3,15,15,63,63,2,43,3,4,26,4,5
RIL,Str122,476,ID107,1197,1197,3,3,15,15,63,63,2,43,3,4,26,4,5
RIL,Str122,477,ID107,1197,1197,3,3,15,15,63,63,2,43,3,4,26,8,14
RIL,Str122,478,ID107,1197,1197,3,3,15,15,63,63,2,43,3,4,26,8,14
RIL,Str123,479,ID47,1351,1351,3,3,17,17,55,55,2,54,1,4,27,11,27
RIL,Str123,480,ID47,1351,1351,3,3,17,17,55,55,2,54,1,4,27,11,27
RIL,Str124,481,ID39,611,611,2,2,8,8,44,44,1,22,5,4,28,10,32
RIL,Str124,482,ID39,611,611,2,2,8,8,44,44,1,22,5,4,28,10,32
RIL,Str124,483,ID39,611,611,2,2,8,8,44,44,1,22,5,4,28,12,10
RIL,Str124,484,ID39,611,611,2,2,8,8,44,44,1,22,5,4,28,12,10
RIL,Str125,485,ID151,775,1483,2,1,10,19,46,25,1,10,10,4,29,12,34
RIL,Str125,486,ID151,775,1483,2,1,10,19,46,25,1,10,10,4,29,12,34
RIL,Str125,487,ID151,775,1483,2,1,10,19,46,25,1,10,10,4,29,2,35
RIL,Str125,488,ID151,775,1483,2,1,10,19,46,25,1,10,10,4,29,2,35
RIL,Str126,489,ID2,778,778,2,2,10,10,49,49,1,6,7,4,30,12,18
RIL,Str126,490,ID2,778,778,2,2,10,10,49,49,1,6,7,4,30,12,18
RIL,Str126,491,ID2,778,778,2,2,10,10,49,49,1,6,7,4,30,8,26
RIL,Str126,492,ID2,778,778,2,2,10,10,49,49,1,6,7,4,30,8,26
RIL,Str127,493,ID133,205,205,2,2,3,3,43,43,1,16,9,4,31,5,16
RIL,Str127,494,ID133,205,205,2,2,3,3,43,43,1,16,9,4,31,5,16
RIL,Str127,495,ID133,205,205,2,2,3,3,43,43,1,16,9,4,31,7,19
RIL,Str127,496,ID133,205,205,2,2,3,3,43,43,1,16,9,4,31,7,19
RIL,Str128,497,ID37,351,351,1,1,5,5,27,27,1,3,6,4,32,7,12
RIL,Str128,498,ID37,351,351,1,1,5,5,27,27,1,3,6,4,32,7,12
RIL,Str129,499,ID118,281,281,2,2,4,4,38,38,1,7,2,5,1,1,27
RIL,Str129,500,ID118,281,281,2,2,4,4,38,38,1,7,2,5,1,1,27
RIL,Str129,501,ID118,281,281,2,2,4,4,38,38,1,7,2,5,1,8,28
RIL,Str129,502,ID118,281,281,2,2,4,4,38,38,1,7,2,5,1,8,28
RIL,Str130,503,ID9,743,743,1,1,10,10,14,14,1,4,9,5,2,8,33
RIL,Str130,504,ID9,743,743,1,1,10,10,14,14,1,4,9,5,2,8,33
RIL,Str130,505,ID9,743,743,1,1,10,10,14,14,1,4,9,5,2,9,36
RIL,Str130,506,ID9,743,743,1,1,10,10,14,14,1,4,9,5,2,9,36
RIL,Str131,507,ID120,362,753,2,1,5,10,38,24,1,30,10,5,3,10,9
RIL,Str131,508,ID120,362,753,2,1,5,10,38,24,1,30,10,5,3,10,9
RIL,Str131,509,ID120,362,753,2,1,5,10,38,24,1,30,10,5,3,2,10
RIL,Str131,510,ID120,362,753,2,1,5,10,38,24,1,30,10,5,3,2,10
RIL,Str132,511,ID93,619,619,2,2,8,8,52,52,2,32,9,5,4,11,33
RIL,Str132,512,ID93,619,619,2,2,8,8,52,52,2,32,9,5,4,11,33
RIL,Str132,513,ID93,619,619,2,2,8,8,52,52,2,32,9,5,4,12,24
RIL,Str132,514,ID93,619,619,2,2,8,8,52,52,2,32,9,5,4,12,24
RIL,Str133,515,ID44,459,459,2,2,6,6,54,54,2,32,4,5,5,10,35
RIL,Str133,516,ID44,459,459,2,2,6,6,54,54,2,32,4,5,5,10,35
RIL,Str133,517,ID44,459,459,2,2,6,6,54,54,2,32,4,5,5,5,27
RIL,Str133,518,ID44,459,459,2,2,6,6,54,54,2,32,4,5,5,5,27
RIL,Str134,519,ID126,98,98,1,1,2,2,17,17,2,54,10,5,6,11,3
RIL,Str134,520,ID126,98,98,1,1,2,2,17,17,2,54,10,5,6,11,3
RIL,Str134,521,ID126,98,98,1,1,2,2,17,17,2,54,10,5,6,4,4
RIL,Str134,522,ID126,98,98,1,1,2,2,17,17,2,54,10,5,6,4,4
RIL,Str135,523,ID132,908,908,1,1,12,12,17,17,2,45,1,5,7,12,17
RIL,Str135,524,ID132,908,908,1,1,12,12,17,17,2,45,1,5,7,12,17
RIL,Str135,525,ID132,908,908,1,1,12,12,17,17,2,45,1,5,7,7,20
RIL,Str135,526,ID132,908,908,1,1,12,12,17,17,2,45,1,5,7,7,20
RIL,Str136,527,ID19,155,155,3,3,2,2,74,74,1,28,8,5,8,4,21
RIL,Str136,528,ID19,155,155,3,3,2,2,74,74,1,28,8,5,8,4,21
RIL,Str136,529,ID19,155,155,3,3,2,2,74,74,1,28,8,5,8,8,20
RIL,Str136,530,ID19,155,155,3,3,2,2,74,74,1,28,8,5,8,8,20
RIL,Str137,531,ID21,1084,1152,2,1,14,15,31,18,1,29,9,5,9,4,19
RIL,Str137,532,ID21,1084,1152,2,1,14,15,31,18,1,29,9,5,9,4,19
RIL,Str137,533,ID21,1084,1152,2,1,14,15,31,18,1,29,9,5,9,5,21
RIL,Str137,534,ID21,1084,1152,2,1,14,15,31,18,1,29,9,5,9,5,21
RIL,Str138,535,ID57,419,419,1,1,6,6,14,14,1,31,10,5,10,12,8
RIL,Str138,536,ID57,419,419,1,1,6,6,14,14,1,31,10,5,10,12,8
RIL,Str138,537,ID57,419,419,1,1,6,6,14,14,1,31,10,5,10,7,10
RIL,Str138,538,ID57,419,419,1,1,6,6,14,14,1,31,10,5,10,7,10
RIL,Str139,539,ID78,1433,1433,3,3,18,18,56,56,2,35,9,5,11,4,35
RIL,Str139,540,ID78,1433,1433,3,3,18,18,56,56,2,35,9,5,11,4,35
RIL,Str139,541,ID78,1433,1433,3,3,18,18,56,56,2,35,9,5,11,8,34
RIL,Str139,542,ID78,1433,1433,3,3,18,18,56,56,2,35,9,5,11,8,34
RIL,Str140,543,ID124,198,198,2,2,3,3,36,36,1,15,3,5,12,1,12
RIL,Str140,544,ID124,198,198,2,2,3,3,36,36,1,15,3,5,12,1,12
RIL,Str140,545,ID124,198,198,2,2,3,3,36,36,1,15,3,5,12,5,22
RIL,Str140,546,ID124,198,198,2,2,3,3,36,36,1,15,3,5,12,5,22
RIL,Str141,547,ID103,361,361,2,2,5,5,37,37,1,14,2,5,13,12,30
RIL,Str141,548,ID103,361,361,2,2,5,5,37,37,1,14,2,5,13,12,30
RIL,Str141,549,ID103,361,361,2,2,5,5,37,37,1,14,2,5,13,2,14
RIL,Str141,550,ID103,361,361,2,2,5,5,37,37,1,14,2,5,13,2,14
RIL,Str142,551,ID77,428,1507,1,2,6,19,23,49,1,12,1,5,14,2,25
RIL,Str142,552,ID77,428,1507,1,2,6,19,23,49,1,12,1,5,14,2,25
RIL,Str142,553,ID77,428,1507,1,2,6,19,23,49,1,12,1,5,14,9,2
RIL,Str142,554,ID77,428,1507,1,2,6,19,23,49,1,12,1,5,14,9,2
RIL,Str143,555,ID143,1467,1467,1,1,19,19,9,9,2,49,8,5,15,10,36
RIL,Str143,556,ID143,1467,1467,1,1,19,19,9,9,2,49,8,5,15,10,36
RIL,Str143,557,ID143,1467,1467,1,1,19,19,9,9,2,49,8,5,15,7,26
RIL,Str143,558,ID143,1467,1467,1,1,19,19,9,9,2,49,8,5,15,7,26
RIL,Str144,559,ID119,845,845,2,2,11,11,35,35,1,22,2,5,16,3,4
RIL,Str144,560,ID119,845,845,2,2,11,11,35,35,1,22,2,5,16,3,4
RIL,Str144,561,ID119,845,845,2,2,11,11,35,35,1,22,2,5,16,7,23
RIL,Str144,562,ID119,845,845,2,2,11,11,35,35,1,22,2,5,16,7,23
RIL,Str145,563,ID108,1245,1245,2,2,16,16,30,30,2,40,9,5,17,2,17
RIL,Str145,564,ID108,1245,1245,2,2,16,16,30,30,2,40,9,5,17,2,17
RIL,Str145,565,ID108,1245,1245,2,2,16,16,30,30,2,40,9,5,17,8,31
RIL,Str145,566,ID108,1245,1245,2,2,16,16,30,30,2,40,9,5,17,8,31
RIL,Str146,567,ID40,1541,1541,1,1,20,20,2,2,1,9,4,5,18,11,32
RIL,Str146,568,ID40,1541,1541,1,1,20,20,2,2,1,9,4,5,18,11,32
RIL,Str146,569,ID40,1541,1541,1,1,20,20,2,2,1,9,4,5,18,9,30
RIL,Str146,570,ID40,1541,1541,1,1,20,20,2,2,1,9,4,5,18,9,30
RIL,Str147,571,ID78,1097,1097,2,2,14,14,44,44,1,19,7,5,19,1,20
RIL,Str147,572,ID78,1097,1097,2,2,14,14,44,44,1,19,7,5,19,1,20
RIL,Str147,573,ID78,1097,1097,2,2,14,14,44,44,1,19,7,5,19,11,22
RIL,Str147,574,ID78,1097,1097,2,2,14,14,44,44,1,19,7,5,19,11,22
RIL,Str148,575,ID101,1490,1490,2,2,19,19,32,32,2,51,5,5,20,11,25
RIL,Str148,576,ID101,1490,1490,2,2,19,19,32,32,2,51,5,5,20,11,25
RIL,Str148,577,ID101,1490,1490,2,2,19,19,32,32,2,51,5,5,20,2,12
RIL,Str148,578,ID101,1490,1490,2,2,19,19,32,32,2,51,5,5,20,2,12
RIL,Str149,579,ID76,782,782,2,2,10,10,53,53,1,5,5,5,21,10,26
RIL,Str149,580,ID76,782,782,2,2,10,10,53,53,1,5,5,5,21,10,26
RIL,Str149,581,ID76,782,782,2,2,10,10,53,53,1,5,5,5,21,4,25
RIL,Str149,582,ID76,782,782,2,2,10,10,53,53,1,5,5,5,21,4,25
RIL,Str150,583,ID10,762,762,2,2,10,10,33,33,1,17,4,5,22,2,23
RIL,Str150,584,ID10,762,762,2,2,10,10,33,33,1,17,4,5,22,2,23
RIL,Str150,585,ID10,762,762,2,2,10,10,33,33,1,17,4,5,22,8,22
RIL,Str150,586,ID10,762,762,2,2,10,10,33,33,1,17,4,5,22,8,22
RIL,Str151,587,ID142,722,1086,3,2,9,14,74,33,1,13,3,5,23,12,36
RIL,Str151,588,ID142,722,1086,3,2,9,14,74,33,1,13,3,5,23,12,36
RIL,Str151,589,ID142,722,1086,3,2,9,14,74,33,1,13,3,5,23,5,35
RIL,Str151,590,ID142,722,1086,3,2,9,14,74,33,1,13,3,5,23,5,35
RIL,Str152,591,ID97,223,223,3,3,3,3,61,61,1,12,2,5,24,12,33
RIL,Str152,592,ID97,223,223,3,3,3,3,61,61,1,12,2,5,24,12,33
RIL,Str152,593,ID97,223,223,3,3,3,3,61,61,1,12,2,5,24,8,15
RIL,Str152,594,ID97,223,223,3,3,3,3,61,61,1,12,2,5,24,8,15
RIL,Str153,595,ID140,216,216,2,2,3,3,54,54,1,3,5,5,25,10,20
RIL,Str153,596,ID140,216,216,2,2,3,3,54,54,1,3,5,5,25,10,20
RIL,Str153,597,ID140,216,216,2,2,3,3,54,54,1,3,5,5,25,8,23
RIL,Str153,598,ID140,216,216,2,2,3,3,54,54,1,3,5,5,25,8,23
RIL,Str154,599,ID99,650,1425,1,2,9,18,2,48,2,35,1,5,26,10,28
RIL,Str154,600,ID99,650,1425,1,2,9,18,2,48,2,35,1,5,26,10,28
RIL,Str154,601,ID99,650,1425,1,2,9,18,2,48,2,35,1,5,26,8,19
RIL,Str154,602,ID99,650,1425,1,2,9,18,2,48,2,35,1,5,26,8,19
RIL,Str155,603,ID46,323,323,3,3,4,4,80,80,1,30,2,5,27,2,29
RIL,Str155,604,ID46,323,323,3,3,4,4,80,80,1,30,2,5,27,2,29
RIL,Str155,605,ID46,323,323,3,3,4,4,80,80,1,30,2,5,27,7,28
RIL,Str155,606,ID46,323,323,3,3,4,4,80,80,1,30,2,5,27,7,28
RIL,Str156,607,ID14,968,968,3,3,12,12,77,77,1,31,1,5,28,1,32
RIL,Str156,608,ID14,968,968,3,3,12,12,77,77,1,31,1,5,28,1,32
RIL,Str156,609,ID14,968,968,3,3,12,12,77,77,1,31,1,5,28,10,33
RIL,Str156,610,ID14,968,968,3,3,12,12,77,77,1,31,1,5,28,10,33
RIL,Str157,611,ID38,320,320,3,3,4,4,77,77,2,37,3,5,29,1,9
RIL,Str157,612,ID38,320,320,3,3,4,4,77,77,2,37,3,5,29,1,9
RIL,Str157,613,ID38,320,320,3,3,4,4,77,77,2,37,3,5,29,9,20
RIL,Str157,614,ID38,320,320,3,3,4,4,77,77,2,37,3,5,29,9,20
RIL,Str158,615,ID17,298,298,3,3,4,4,55,55,2,46,9,5,30,11,6
RIL,Str158,616,ID17,298,298,3,3,4,4,55,55,2,46,9,5,30,11,6
RIL,Str158,617,ID17,298,298,3,3,4,4,55,55,2,46,9,5,30,5,23
RIL,Str158,618,ID17,298,298,3,3,4,4,55,55,2,46,9,5,30,5,23
RIL,Str159,619,ID5,1412,1412,2,2,18,18,35,35,2,38,1,5,31,7,13
RIL,Str159,620,ID5,1412,1412,2,2,18,18,35,35,2,38,1,5,31,7,13
RIL,Str159,621,ID5,1412,1412,2,2,18,18,35,35,2,38,1,5,31,8,16
RIL,Str159,622,ID5,1412,1412,2,2,18,18,35,35,2,38,1,5,31,8,16
RIL,Str160,623,ID34,346,346,1,1,5,5,22,22,1,13,8,5,32,11,29
RIL,Str160,624,ID34,346,346,1,1,5,5,22,22,1,13,8,5,32,11,29
RIL,Str160,625,ID34,346,346,1,1,5,5,22,22,1,13,8,5,32,5,7
RIL,Str160,626,ID34,346,346,1,1,5,5,22,22,1,13,8,5,32,5,7
RIL,Str161,627,ID134,172,172,1,1,3,3,10,10,2,62,6,6,1,7,35
RIL,Str161,628,ID134,172,172,1,1,3,3,10,10,2,62,6,6,1,7,35
RIL,Str161,629,ID134,172,172,1,1,3,3,10,10,2,62,6,6,1,9,27
RIL,Str161,630,ID134,172,172,1,1,3,3,10,10,2,62,6,6,1,9,27
RIL,Str162,631,ID54,59,59,3,3,1,1,59,59,2,42,8,6,2,10,18
RIL,Str162,632,ID54,59,59,3,3,1,1,59,59,2,42,8,6,2,10,18
RIL,Str162,633,ID54,59,59,3,3,1,1,59,59,2,42,8,6,2,7,32
RIL,Str162,634,ID54,59,59,3,3,1,1,59,59,2,42,8,6,2,7,32
RIL,Str163,635,ID72,126,126,2,2,2,2,45,45,1,5,8,6,3,12,25
RIL,Str163,636,ID72,126,126,2,2,2,2,45,45,1,5,8,6,3,12,25
RIL,Str163,637,ID72,126,126,2,2,2,2,45,45,1,5,8,6,3,4,26
RIL,Str163,638,ID72,126,126,2,2,2,2,45,45,1,5,8,6,3,4,26
RIL,Str164,639,ID109,103,446,1,2,2,6,22,41,2,36,1,6,4,1,34
RIL,Str164,640,ID109,103,446,1,2,2,6,22,41,2,36,1,6,4,1,34
RIL,Str164,641,ID109,103,446,1,2,2,6,22,41,2,36,1,6,4,4,3
RIL,Str164,642,ID109,103,446,1,2,2,6,22,41,2,36,1,6,4,4,3
RIL,Str165,643,ID51,468,1185,3,2,6,15,63,51,1,13,6,6,5,4,11
RIL,Str165,644,ID51,468,1185,3,2,6,15,63,51,1,13,6,6,5,4,11
RIL,Str165,645,ID51,468,1185,3,2,6,15,63,51,1,13,6,6,5,5,14
RIL,Str165,646,ID51,468,1185,3,2,6,15,63,51,1,13,6,6,5,5,14
RIL,Str166,647,ID67,327,327,1,1,5,5,3,3,2,34,10,6,6,2,36
RIL,Str166,648,ID67,327,327,1,1,5,5,3,3,2,34,10,6,6,2,36
RIL,Str166,649,ID67,327,327,1,1,5,5,3,3,2,34,10,6,6,9,31
RIL,Str166,650,ID67,327,327,1,1,5,5,3,3,2,34,10,6,6,9,31
RIL,Str167,651,ID131,655,938,1,2,9,12,7,47,1,15,2,6,7,6,32
RIL,Str167,652,ID131,655,938,1,2,9,12,7,47,1,15,2,6,7,6,32
RIL,Str167,653,ID131,655,938,1,2,9,12,7,47,1,15,2,6,7,9,16
RIL,Str167,654,ID131,655,938,1,2,9,12,7,47,1,15,2,6,7,9,16
RIL,Str168,655,ID16,382,382,3,3,5,5,58,58,2,35,4,6,8,2,11
RIL,Str168,656,ID16,382,382,3,3,5,5,58,58,2,35,4,6,8,2,11
RIL,Str168,657,ID16,382,382,3,3,5,5,58,58,2,35,4,6,8,9,6
RIL,Str168,658,ID16,382,382,3,3,5,5,58,58,2,35,4,6,8,9,6
RIL,Str169,659,ID137,1320,1320,1,1,17,17,24,24,1,17,1,6,9,2,18
RIL,Str169,660,ID137,1320,1320,1,1,17,17,24,24,1,17,1,6,9,2,18
RIL,Str169,661,ID137,1320,1320,1,1,17,17,24,24,1,17,1,6,9,4,20
RIL,Str169,662,ID137,1320,1320,1,1,17,17,24,24,1,17,1,6,9,4,20
RIL,Str170,663,ID139,1407,1407,2,2,18,18,30,30,1,5,7,6,10,11,23
RIL,Str170,664,ID139,1407,1407,2,2,18,18,30,30,1,5,7,6,10,11,23
RIL,Str170,665,ID139,1407,1407,2,2,18,18,30,30,1,5,7,6,10,5,36
RIL,Str170,666,ID139,1407,1407,2,2,18,18,30,30,1,5,7,6,10,5,36
RIL,Str171,667,ID101,1490,1490,2,2,19,19,32,32,1,6,3,6,11,2,8
RIL,Str171,668,ID101,1490,1490,2,2,19,19,32,32,1,6,3,6,11,2,8
RIL,Str171,669,ID101,1490,1490,2,2,19,19,32,32,1,6,3,6,11,5,6
RIL,Str171,670,ID101,1490,1490,2,2,19,19,32,32,1,6,3,6,11,5,6
RIL,Str172,671,ID91,864,864,2,2,11,11,54,54,1,14,8,6,12,3,17
RIL,Str172,672,ID91,864,864,2,2,11,11,54,54,1,14,8,6,12,3,17
RIL,Str173,673,ID12,581,581,1,1,8,8,14,14,1,4,3,6,13,10,14
RIL,Str173,674,ID12,581,581,1,1,8,8,14,14,1,4,3,6,13,10,14
RIL,Str174,675,ID55,810,810,3,3,10,10,81,81,2,54,5,6,14,1,17
RIL,Str174,676,ID55,810,810,3,3,10,10,81,81,2,54,5,6,14,1,17
RIL,Str174,677,ID55,810,810,3,3,10,10,81,81,2,54,5,6,14,7,16
RIL,Str174,678,ID55,810,810,3,3,10,10,81,81,2,54,5,6,14,7,16
RIL,Str175,679,ID8,134,231,2,3,2,3,53,69,1,26,6,6,15,10,23
RIL,Str175,680,ID8,134,231,2,3,2,3,53,69,1,26,6,6,15,10,23
RIL,Str175,681,ID8,134,231,2,3,2,3,53,69,1,26,6,6,15,8,10
RIL,Str175,682,ID8,134,231,2,3,2,3,53,69,1,26,6,6,15,8,10
RIL,Str176,683,ID147,656,656,1,1,9,9,8,8,2,39,4,6,16,10,19
RIL,Str176,684,ID147,656,656,1,1,9,9,8,8,2,39,4,6,16,10,19
RIL,Str176,685,ID147,656,656,1,1,9,9,8,8,2,39,4,6,16,3,18
RIL,Str176,686,ID147,656,656,1,1,9,9,8,8,2,39,4,6,16,3,18
RIL,Str177,687,ID136,949,949,3,3,12,12,58,58,1,9,8,6,17,12,5
RIL,Str177,688,ID136,949,949,3,3,12,12,58,58,1,9,8,6,17,12,5
RIL,Str177,689,ID136,949,949,3,3,12,12,58,58,1,9,8,6,17,8,18
RIL,Str177,690,ID136,949,949,3,3,12,12,58,58,1,9,8,6,17,8,18
RIL,Str178,691,ID29,974,974,1,1,13,13,2,2,1,10,6,6,18,8,4
RIL,Str178,692,ID29,974,974,1,1,13,13,2,2,1,10,6,6,18,8,4
RIL,Str179,693,ID24,1263,1263,2,2,16,16,48,48,1,8,2,6,19,5,32
RIL,Str179,694,ID24,1263,1263,2,2,16,16,48,48,1,8,2,6,19,5,32
RIL,Str179,695,ID24,1263,1263,2,2,16,16,48,48,1,8,2,6,19,7,29
RIL,Str179,696,ID24,1263,1263,2,2,16,16,48,48,1,8,2,6,19,7,29
RIL,Str180,697,ID35,85,476,1,3,2,6,4,71,1,2,8,6,20,5,31
RIL,Str180,698,ID35,85,476,1,3,2,6,4,71,1,2,8,6,20,5,31
RIL,Str180,699,ID35,85,476,1,3,2,6,4,71,1,2,8,6,20,9,35
RIL,Str180,700,ID35,85,476,1,3,2,6,4,71,1,2,8,6,20,9,35
RIL,Str181,701,ID121,202,967,2,3,3,12,40,76,2,51,7,6,21,4,29
RIL,Str181,702,ID121,202,967,2,3,3,12,40,76,2,51,7,6,21,4,29
RIL,Str181,703,ID121,202,967,2,3,3,12,40,76,2,51,7,6,21,9,3
RIL,Str181,704,ID121,202,967,2,3,3,12,40,76,2,51,7,6,21,9,3
RIL,Str182,705,ID83,685,685,2,2,9,9,37,37,1,27,1,6,22,5,8
RIL,Str182,706,ID83,685,685,2,2,9,9,37,37,1,27,1,6,22,5,8
RIL,Str182,707,ID83,685,685,2,2,9,9,37,37,1,27,1,6,22,9,18
RIL,Str182,708,ID83,685,685,2,2,9,9,37,37,1,27,1,6,22,9,18
RIL,Str183,709,ID128,183,183,1,1,3,3,21,21,1,25,8,6,23,6,29
RIL,Str183,710,ID128,183,183,1,1,3,3,21,21,1,25,8,6,23,6,29
RIL,Str183,711,ID128,183,183,1,1,3,3,21,21,1,25,8,6,23,7,15
RIL,Str183,712,ID128,183,183,1,1,3,3,21,21,1,25,8,6,23,7,15
RIL,Str185,717,ID42,413,413,1,1,6,6,8,8,2,38,3,6,25,11,36
RIL,Str185,718,ID42,413,413,1,1,6,6,8,8,2,38,3,6,25,11,36
RIL,Str185,719,ID42,413,413,1,1,6,6,8,8,2,38,3,6,25,4,6
RIL,Str185,720,ID42,413,413,1,1,6,6,8,8,2,38,3,6,25,4,6
RIL,Str186,721,ID105,770,1072,2,1,10,14,41,19,1,27,4,6,26,10,2
RIL,Str186,722,ID105,770,1072,2,1,10,14,41,19,1,27,4,6,26,10,2
RIL,Str186,723,ID105,770,1072,2,1,10,14,41,19,1,27,4,6,26,6,3
RIL,Str186,724,ID105,770,1072,2,1,10,14,41,19,1,27,4,6,26,6,3
RIL,Str187,725,ID37,351,351,1,1,5,5,27,27,2,39,8,6,27,10,17
RIL,Str187,726,ID37,351,351,1,1,5,5,27,27,2,39,8,6,27,10,17
RIL,Str187,727,ID37,351,351,1,1,5,5,27,27,2,39,8,6,27,4,31
RIL,Str187,728,ID37,351,351,1,1,5,5,27,27,2,39,8,6,27,4,31
RIL,Str188,729,ID45,417,417,1,1,6,6,12,12,1,17,6,6,28,6,11
RIL,Str188,730,ID45,417,417,1,1,6,6,12,12,1,17,6,6,28,6,11
RIL,Str189,731,ID29,974,974,1,1,13,13,2,2,1,7,10,6,29,3,27
RIL,Str189,732,ID29,974,974,1,1,13,13,2,2,1,7,10,6,29,3,27
RIL,Str189,733,ID29,974,974,1,1,13,13,2,2,1,7,10,6,29,4,7
RIL,Str189,734,ID29,974,974,1,1,13,13,2,2,1,7,10,6,29,4,7
RIL,Str190,735,ID41,1064,1064,1,1,14,14,11,11,1,24,2,6,30,8,36
RIL,Str190,736,ID41,1064,1064,1,1,14,14,11,11,1,24,2,6,30,8,36
RIL,Str190,737,ID41,1064,1064,1,1,14,14,11,11,1,24,2,6,30,9,29
RIL,Str190,738,ID41,1064,1064,1,1,14,14,11,11,1,24,2,6,30,9,29
RIL,Str191,739,ID3,518,518,2,2,7,7,32,32,2,41,5,6,31,12,35
RIL,Str191,740,ID3,518,518,2,2,7,7,32,32,2,41,5,6,31,12,35
RIL,Str191,741,ID3,518,518,2,2,7,7,32,32,2,41,5,6,31,6,33
RIL,Str191,742,ID3,518,518,2,2,7,7,32,32,2,41,5,6,31,6,33
RIL,Str192,743,ID36,1381,1381,1,1,18,18,4,4,2,38,10,6,32,1,35
RIL,Str192,744,ID36,1381,1381,1,1,18,18,4,4,2,38,10,6,32,1,35
RIL,Str192,745,ID36,1381,1381,1,1,18,18,4,4,2,38,10,6,32,9,10
RIL,Str192,746,ID36,1381,1381,1,1,18,18,4,4,2,38,10,6,32,9,10
RIL,Str193,747,ID123,1368,1368,3,3,17,17,72,72,2,61,3,7,1,5,15
RIL,Str193,748,ID123,1368,1368,3,3,17,17,72,72,2,61,3,7,1,5,15
RIL,Str194,749,ID145,1265,1265,2,2,16,16,50,50,1,17,9,7,2,12,26
RIL,Str194,750,ID145,1265,1265,2,2,16,16,50,50,1,17,9,7,2,12,26
RIL,Str194,751,ID145,1265,1265,2,2,16,16,50,50,1,17,9,7,2,6,28
RIL,Str194,752,ID145,1265,1265,2,2,16,16,50,50,1,17,9,7,2,6,28
RIL,Str195,753,ID86,1579,1579,2,2,20,20,40,40,1,21,2,7,3,7,9
RIL,Str195,754,ID86,1579,1579,2,2,20,20,40,40,1,21,2,7,3,7,9
RIL,Str196,755,ID26,839,839,2,2,11,11,29,29,2,37,1,7,4,2,26
RIL,Str196,756,ID26,839,839,2,2,11,11,29,29,2,37,1,7,4,2,26
RIL,Str197,757,ID27,166,166,1,1,3,3,4,4,2,59,8,7,5,6,25
RIL,Str197,758,ID27,166,166,1,1,3,3,4,4,2,59,8,7,5,6,25
RIL,Str198,759,ID136,1316,1316,1,1,17,17,20,20,2,36,7,7,6,5,18
RIL,Str198,760,ID136,1316,1316,1,1,17,17,20,20,2,36,7,7,6,5,18
RIL,Str198,761,ID136,1316,1316,1,1,17,17,20,20,2,36,7,7,6,7,1
RIL,Str198,762,ID136,1316,1316,1,1,17,17,20,20,2,36,7,7,6,7,1
RIL,Str199,763,ID50,286,1071,2,1,4,14,43,18,2,49,4,7,7,10,11
RIL,Str199,764,ID50,286,1071,2,1,4,14,43,18,2,49,4,7,7,10,11
RIL,Str199,765,ID50,286,1071,2,1,4,14,43,18,2,49,4,7,7,4,33
RIL,Str199,766,ID50,286,1071,2,1,4,14,43,18,2,49,4,7,7,4,33
RIL,Str200,767,ID58,1513,1513,3,3,19,19,55,55,2,49,6,7,8,7,22
RIL,Str200,768,ID58,1513,1513,3,3,19,19,55,55,2,49,6,7,8,7,22
RIL,Str200,769,ID58,1513,1513,3,3,19,19,55,55,2,49,6,7,8,9,32
RIL,Str200,770,ID58,1513,1513,3,3,19,19,55,55,2,49,6,7,8,9,32
RIL,Str201,771,ID47,1351,1351,3,3,17,17,55,55,2,54,1,7,9,10,10
RIL,Str201,772,ID47,1351,1351,3,3,17,17,55,55,2,54,1,7,9,10,10
RIL,Str201,773,ID47,1351,1351,3,3,17,17,55,55,2,54,1,7,9,4,9
RIL,Str201,774,ID47,1351,1351,3,3,17,17,55,55,2,54,1,7,9,4,9
RIL,Str202,775,ID110,165,441,1,2,3,6,3,36,2,53,1,7,10,6,23
RIL,Str202,776,ID110,165,441,1,2,3,6,3,36,2,53,1,7,10,6,23
RIL,Str202,777,ID110,165,441,1,2,3,6,3,36,2,53,1,7,10,7,18
RIL,Str202,778,ID110,165,441,1,2,3,6,3,36,2,53,1,7,10,7,18
RIL,Str203,779,ID66,829,829,1,1,11,11,19,19,2,48,7,7,11,10,8
RIL,Str203,780,ID66,829,829,1,1,11,11,19,19,2,48,7,7,11,10,8
RIL,Str203,781,ID66,829,829,1,1,11,11,19,19,2,48,7,7,11,11,31
RIL,Str203,782,ID66,829,829,1,1,11,11,19,19,2,48,7,7,11,11,31
RIL,Str204,783,ID49,1608,1608,3,3,20,20,69,69,1,31,3,7,12,1,14
RIL,Str204,784,ID49,1608,1608,3,3,20,20,69,69,1,31,3,7,12,1,14
RIL,Str204,785,ID49,1608,1608,3,3,20,20,69,69,1,31,3,7,12,11,13
RIL,Str204,786,ID49,1608,1608,3,3,20,20,69,69,1,31,3,7,12,11,13
RIL,Str205,787,ID129,721,721,3,3,9,9,73,73,2,51,8,7,13,10,6
RIL,Str205,788,ID129,721,721,3,3,9,9,73,73,2,51,8,7,13,10,6
RIL,Str205,789,ID129,721,721,3,3,9,9,73,73,2,51,8,7,13,9,15
RIL,Str205,790,ID129,721,721,3,3,9,9,73,73,2,51,8,7,13,9,15
RIL,Str206,791,ID69,1426,1426,2,2,18,18,49,49,1,11,3,7,14,1,3
RIL,Str206,792,ID69,1426,1426,2,2,18,18,49,49,1,11,3,7,14,1,3
RIL,Str207,793,ID148,1452,1452,3,3,18,18,75,75,2,33,2,7,15,11,35
RIL,Str207,794,ID148,1452,1452,3,3,18,18,75,75,2,33,2,7,15,11,35
RIL,Str207,795,ID148,1452,1452,3,3,18,18,75,75,2,33,2,7,15,7,5
RIL,Str207,796,ID148,1452,1452,3,3,18,18,75,75,2,33,2,7,15,7,5
RIL,Str208,797,ID104,1039,1039,3,3,13,13,67,67,2,35,3,7,16,6,27
RIL,Str208,798,ID104,1039,1039,3,3,13,13,67,67,2,35,3,7,16,6,27
RIL,Str208,799,ID104,1039,1039,3,3,13,13,67,67,2,35,3,7,16,9,34
RIL,Str208,800,ID104,1039,1039,3,3,13,13,67,67,2,35,3,7,16,9,34
RIL,Str209,801,ID76,782,782,2,2,10,10,53,53,2,45,2,7,17,6,16
RIL,Str209,802,ID76,782,782,2,2,10,10,53,53,2,45,2,7,17,6,16
RIL,Str209,803,ID76,782,782,2,2,10,10,53,53,2,45,2,7,17,8,1
RIL,Str209,804,ID76,782,782,2,2,10,10,53,53,2,45,2,7,17,8,1
RIL,Str210,805,ID146,1339,1339,2,2,17,17,43,43,1,1,9,7,18,11,15
RIL,Str210,806,ID146,1339,1339,2,2,17,17,43,43,1,1,9,7,18,11,15
RIL,Str210,807,ID146,1339,1339,2,2,17,17,43,43,1,1,9,7,18,2,16
RIL,Str210,808,ID146,1339,1339,2,2,17,17,43,43,1,1,9,7,18,2,16
RIL,Str211,809,ID28,589,589,1,1,8,8,22,22,2,45,8,7,19,2,9
RIL,Str211,810,ID28,589,589,1,1,8,8,22,22,2,45,8,7,19,2,9
RIL,Str211,811,ID28,589,589,1,1,8,8,22,22,2,45,8,7,19,5,10
RIL,Str211,812,ID28,589,589,1,1,8,8,22,22,2,45,8,7,19,5,10
RIL,Str212,813,ID74,376,376,2,2,5,5,52,52,1,29,10,7,20,12,1
RIL,Str212,814,ID74,376,376,2,2,5,5,52,52,1,29,10,7,20,12,1
RIL,Str212,815,ID74,376,376,2,2,5,5,52,52,1,29,10,7,20,2,2
RIL,Str212,816,ID74,376,376,2,2,5,5,52,52,1,29,10,7,20,2,2
RIL,Str213,817,ID49,1608,1608,3,3,20,20,69,69,2,35,7,7,21,3,8
RIL,Str213,818,ID49,1608,1608,3,3,20,20,69,69,2,35,7,7,21,3,8
RIL,Str213,819,ID49,1608,1608,3,3,20,20,69,69,2,35,7,7,21,4,13
RIL,Str213,820,ID49,1608,1608,3,3,20,20,69,69,2,35,7,7,21,4,13
RIL,Str214,821,ID117,802,802,3,3,10,10,73,73,2,35,5,7,22,12,21
RIL,Str214,822,ID117,802,802,3,3,10,10,73,73,2,35,5,7,22,12,21
RIL,Str214,823,ID117,802,802,3,3,10,10,73,73,2,35,5,7,22,3,20
RIL,Str214,824,ID117,802,802,3,3,10,10,73,73,2,35,5,7,22,3,20
RIL,Str215,825,ID19,354,354,2,2,5,5,30,30,2,39,6,7,23,10,24
RIL,Str215,826,ID19,354,354,2,2,5,5,30,30,2,39,6,7,23,10,24
RIL,Str215,827,ID19,354,354,2,2,5,5,30,30,2,39,6,7,23,12,27
RIL,Str215,828,ID19,354,354,2,2,5,5,30,30,2,39,6,7,23,12,27
RIL,Str216,829,ID60,31,724,2,3,1,9,31,76,2,39,7,7,24,12,14
RIL,Str216,830,ID60,31,724,2,3,1,9,31,76,2,39,7,7,24,12,14
RIL,Str216,831,ID60,31,724,2,3,1,9,31,76,2,39,7,7,24,9,28
RIL,Str216,832,ID60,31,724,2,3,1,9,31,76,2,39,7,7,24,9,28
RIL,Str217,833,ID61,613,613,2,2,8,8,46,46,1,3,8,7,25,3,26
RIL,Str217,834,ID61,613,613,2,2,8,8,46,46,1,3,8,7,25,3,26
RIL,Str217,835,ID61,613,613,2,2,8,8,46,46,1,3,8,7,25,7,24
RIL,Str217,836,ID61,613,613,2,2,8,8,46,46,1,3,8,7,25,7,24
RIL,Str218,837,ID63,313,313,3,3,4,4,70,70,1,23,9,7,26,11,11
RIL,Str218,838,ID63,313,313,3,3,4,4,70,70,1,23,9,7,26,11,11
RIL,Str218,839,ID63,313,313,3,3,4,4,70,70,1,23,9,7,26,8,12
RIL,Str218,840,ID63,313,313,3,3,4,4,70,70,1,23,9,7,26,8,12
RIL,Str219,841,ID115,431,431,1,1,6,6,26,26,2,52,5,7,27,12,32
RIL,Str219,842,ID115,431,431,1,1,6,6,26,26,2,52,5,7,27,12,32
RIL,Str219,843,ID115,431,431,1,1,6,6,26,26,2,52,5,7,27,7,31
RIL,Str219,844,ID115,431,431,1,1,6,6,26,26,2,52,5,7,27,7,31
RIL,Str221,849,ID106,1233,1233,1,1,16,16,18,18,2,41,3,7,29,10,13
RIL,Str221,850,ID106,1233,1233,1,1,16,16,18,18,2,41,3,7,29,10,13
RIL,Str221,851,ID106,1233,1233,1,1,16,16,18,18,2,41,3,7,29,3,12
RIL,Str221,852,ID106,1233,1233,1,1,16,16,18,18,2,41,3,7,29,3,12
RIL,Str222,853,ID12,581,581,1,1,8,8,14,14,2,56,6,7,30,10,25
RIL,Str222,854,ID12,581,581,1,1,8,8,14,14,2,56,6,7,30,10,25
RIL,Str222,855,ID12,581,581,1,1,8,8,14,14,2,56,6,7,30,11,20
RIL,Str222,856,ID12,581,581,1,1,8,8,14,14,2,56,6,7,30,11,20
RIL,Str223,857,ID103,1432,1432,3,3,18,18,55,55,2,58,1,7,31,3,5
RIL,Str223,858,ID103,1432,1432,3,3,18,18,55,55,2,58,1,7,31,3,5
RIL,Str223,859,ID103,1432,1432,3,3,18,18,55,55,2,58,1,7,31,4,1
RIL,Str223,860,ID103,1432,1432,3,3,18,18,55,55,2,58,1,7,31,4,1
RIL,Str224,861,ID130,266,266,1,1,4,4,23,23,1,10,9,7,32,1,24
RIL,Str224,862,ID130,266,266,1,1,4,4,23,23,1,10,9,7,32,1,24
RIL,Str224,863,ID130,266,266,1,1,4,4,23,23,1,10,9,7,32,9,23
RIL,Str224,864,ID130,266,266,1,1,4,4,23,23,1,10,9,7,32,9,23
C2,Str018,69,ID152,618,1012,2,2,8,13,51,40,1,24,4,1,18,8,7
C2,Str018,70,ID152,618,1012,2,2,8,13,51,40,1,24,4,1,18,8,7
C2,Str018,71,ID152,618,1012,2,2,8,13,51,40,1,24,4,1,18,9,12
C2,Str018,72,ID152,618,1012,2,2,8,13,51,40,1,24,4,1,18,9,12
C3,Str091,351,ID153,58,282,3,2,1,4,58,39,2,56,1,3,27,11,30
C3,Str091,352,ID153,58,282,3,2,1,4,58,39,2,56,1,3,27,11,30
C3,Str091,353,ID153,58,282,3,2,1,4,58,39,2,56,1,3,27,7,3
C3,Str091,354,ID153,58,282,3,2,1,4,58,39,2,56,1,3,27,7,3
C4,Str184,713,ID154,1321,1448,1,3,17,18,25,71,2,48,5,6,24,6,31
C4,Str184,714,ID154,1321,1448,1,3,17,18,25,71,2,48,5,6,24,6,31
C4,Str184,715,ID154,1321,1448,1,3,17,18,25,71,2,48,5,6,24,7,36
C4,Str184,716,ID154,1321,1448,1,3,17,18,25,71,2,48,5,6,24,7,36
C5,Str220,845,ID155,349,863,1,2,5,11,25,53,1,12,9,7,28,1,7
C5,Str220,846,ID155,349,863,1,2,5,11,25,53,1,12,9,7,28,1,7
C5,Str220,847,ID155,349,863,1,2,5,11,25,53,1,12,9,7,28,2,34
C5,Str220,848,ID155,349,863,1,2,5,11,25,53,1,12,9,7,28,2,34
